﻿pos_x,pos_y,rotation,side,designator,mpn,pack,footprint,value,mount_type,place
156.000001,-71.402381,0.0,top,,,,RollerEncoder_Panasonic_EVQWGD001,EVQWGD001,tht,True
37.999996,-93.902381,90.0,bottom,D1,,,diode_tht_sod123,,tht,True
80.999995,-88.902379,90.0,bottom,D10,,,diode_tht_sod123,,tht,True
80.999995,-70.402382,90.0,bottom,D11,,,diode_tht_sod123,,tht,True
80.999994,-51.902377,90.0,bottom,D12,,,diode_tht_sod123,,tht,True
80.999996,-33.402378,90.0,bottom,D13,,,diode_tht_sod123,,tht,True
100.499993,-104.402378,90.0,bottom,D14,,,diode_tht_sod123,,tht,True
100.499994,-85.902378,90.0,bottom,D15,,,diode_tht_sod123,,tht,True
100.499993,-67.402379,90.0,bottom,D16,,,diode_tht_sod123,,tht,True
100.499996,-48.902379,90.0,bottom,D17,,,diode_tht_sod123,,tht,True
100.499996,-30.402379,90.0,bottom,D18,,,diode_tht_sod123,,tht,True
119.999995,-107.402381,90.0,bottom,D19,,,diode_tht_sod123,,tht,True
37.999993,-75.40238,90.0,bottom,D2,,,diode_tht_sod123,,tht,True
119.999996,-88.902378,90.0,bottom,D20,,,diode_tht_sod123,,tht,True
119.999995,-70.40238,90.0,bottom,D21,,,diode_tht_sod123,,tht,True
119.99999,-51.902376,90.0,bottom,D22,,,diode_tht_sod123,,tht,True
119.999995,-33.402382,90.0,bottom,D23,,,diode_tht_sod123,,tht,True
139.5,-91.90238,90.0,bottom,D24,,,diode_tht_sod123,,tht,True
139.499999,-73.402377,90.0,bottom,D25,,,diode_tht_sod123,,tht,True
139.499998,-54.90238,90.0,bottom,D26,,,diode_tht_sod123,,tht,True
139.500001,-36.40238,90.0,bottom,D27,,,diode_tht_sod123,,tht,True
147.472101,-109.903221,155.0,bottom,D28,,,diode_tht_sod123,,tht,True
165.145098,-118.144281,155.0,bottom,D29,,,diode_tht_sod123,,tht,True
37.999998,-56.902376,90.0,bottom,D3,,,diode_tht_sod123,,tht,True
155.999998,-62.90238,180.0,bottom,D30,,,diode_tht_sod123,,tht,True
37.999992,-38.402381,90.0,bottom,D4,,,diode_tht_sod123,,tht,True
61.499995,-93.902381,90.0,bottom,D5,,,diode_tht_sod123,,tht,True
61.499999,-75.402375,90.0,bottom,D6,,,diode_tht_sod123,,tht,True
61.499993,-56.902383,90.0,bottom,D7,,,diode_tht_sod123,,tht,True
61.499995,-38.402381,90.0,bottom,D8,,,diode_tht_sod123,,tht,True
80.999996,-107.402379,90.0,bottom,D9,,,diode_tht_sod123,,tht,True
153.999997,-38.3,0.0,top,DISP1,,,display_nice_view,,tht,False
167.999996,-43.902381,0.0,top,JST1,,,battery_connector_jst_ph_2,,tht,True
153.999995,-33.902382,0.0,top,MCU1,,,mcu_nice_nano,,tht,False
164.5,-110.5,65.0,top,MH1,,,mounting_hole_npth,,tht,True
164.5,-87.5,0.0,top,MH2,,,mounting_hole_npth,,tht,True
125.0,-20.0,0.0,top,MH3,,,mounting_hole_npth,,tht,True
41.0,-34.402381,0.0,top,MH4,,,mounting_hole_npth,,tht,True
40.999994,-89.902379,0.0,top,MH5,,,mounting_hole_npth,,tht,True
101.499998,-54.902377,0.0,top,MH6,,,mounting_hole_npth,,tht,True
120.5,-117.0,0.0,top,MH7,,,mounting_hole_npth,,tht,True
171.999993,-31.90238,0.0,top,PWR1,,,power_switch_smd_side,,smt,True
134.999995,-18.90238,0.0,top,RST1,,,reset_switch_smd_side,,smt,True
29.499993,-89.902377,0.0,bottom,S1,,,switch_choc_v1_v2,,tht,False
72.499997,-84.902378,0.0,bottom,S10,,,switch_choc_v1_v2,,tht,False
72.5,-66.402379,0.0,bottom,S11,,,switch_choc_v1_v2,,tht,False
72.5,-47.90238,0.0,bottom,S12,,,switch_choc_v1_v2,,tht,False
72.499993,-29.402383,0.0,bottom,S13,,,switch_choc_v1_v2,,tht,False
91.999998,-100.402379,0.0,bottom,S14,,,switch_choc_v1_v2,,tht,False
91.999997,-81.90238,0.0,bottom,S15,,,switch_choc_v1_v2,,tht,False
91.999994,-63.40238,0.0,bottom,S16,,,switch_choc_v1_v2,,tht,False
91.999999,-44.902376,0.0,bottom,S17,,,switch_choc_v1_v2,,tht,False
92.0,-26.402384,0.0,bottom,S18,,,switch_choc_v1_v2,,tht,False
111.499997,-103.402381,0.0,bottom,S19,,,switch_choc_v1_v2,,tht,False
29.499997,-71.402378,0.0,bottom,S2,,,switch_choc_v1_v2,,tht,False
111.499995,-84.902376,0.0,bottom,S20,,,switch_choc_v1_v2,,tht,False
111.499997,-66.40238,0.0,bottom,S21,,,switch_choc_v1_v2,,tht,False
111.499997,-47.902378,0.0,bottom,S22,,,switch_choc_v1_v2,,tht,False
111.499994,-29.402377,0.0,bottom,S23,,,switch_choc_v1_v2,,tht,False
130.999995,-87.902378,0.0,bottom,S24,,,switch_choc_v1_v2,,tht,False
130.999994,-69.402379,0.0,bottom,S25,,,switch_choc_v1_v2,,tht,False
130.999995,-50.902383,0.0,bottom,S26,,,switch_choc_v1_v2,,tht,False
130.999997,-32.402375,0.0,bottom,S27,,,switch_choc_v1_v2,,tht,False
140.254612,-115.916368,65.0,bottom,S28,,,switch_choc_v1_v2,,tht,False
157.927613,-124.157426,65.0,bottom,S29,,,switch_choc_v1_v2,,tht,False
29.499995,-52.90238,0.0,bottom,S3,,,switch_choc_v1_v2,,tht,False
29.499998,-34.402381,0.0,bottom,S4,,,switch_choc_v1_v2,,tht,False
52.999997,-89.902379,0.0,bottom,S5,,,switch_choc_v1_v2,,tht,False
52.999992,-71.402378,0.0,bottom,S6,,,switch_choc_v1_v2,,tht,False
52.999994,-52.90238,0.0,bottom,S7,,,switch_choc_v1_v2,,tht,False
52.999996,-34.402375,0.0,bottom,S8,,,switch_choc_v1_v2,,tht,False
72.499994,-103.402381,0.0,bottom,S9,,,switch_choc_v1_v2,,tht,False
